solver,family,instance,scaling,status,time
SolverA,benchmarkA,benchmarkA_1,1,OK,2.6119910155933477
SolverA,benchmarkA,benchmarkA_2,2,OK,7.719578394054625
SolverA,benchmarkA,benchmarkA_3,3,OK,11.06161096173014
SolverA,benchmarkA,benchmarkA_4,4,OK,15.454427913841815
SolverA,benchmarkA,benchmarkA_5,5,OK,30.39382178241248
SolverA,benchmarkA,benchmarkA_6,6,OK,37.55492471719376
SolverA,benchmarkA,benchmarkA_7,7,OK,79.62060389569804
SolverA,benchmarkA,benchmarkA_8,8,OK,56.726187892228786
SolverA,benchmarkA,benchmarkA_9,9,OK,87.41424789353923
SolverA,benchmarkA,benchmarkA_10,10,OK,122.25378406526355
SolverA,benchmarkA,benchmarkA_11,11,OK,224.0560202596758
SolverA,benchmarkA,benchmarkA_12,12,OK,156.9386662227306
SolverA,benchmarkA,benchmarkA_13,13,OK,137.89354679268368
SolverA,benchmarkA,benchmarkA_14,14,OK,293.42518574301397
SolverA,benchmarkA,benchmarkA_15,15,OK,280.1232135783926
SolverA,benchmarkA,benchmarkA_16,16,OK,197.14644497230313
SolverA,benchmarkA,benchmarkA_17,17,OK,527.0228926455197
SolverA,benchmarkA,benchmarkA_18,18,OK,650.7189323762203
SolverA,benchmarkA,benchmarkA_19,19,OK,573.9790489072068
SolverA,benchmarkA,benchmarkA_20,20,OK,718.5347566459355
SolverA,benchmarkA,benchmarkA_21,21,OK,359.95031097739815
SolverA,benchmarkA,benchmarkA_22,22,OK,687.6069714170748
SolverA,benchmarkA,benchmarkA_23,23,OK,942.560373982118
SolverA,benchmarkA,benchmarkA_24,24,OK,767.3474361810341
SolverA,benchmarkA,benchmarkA_25,25,OK,626.3236166456579
SolverA,benchmarkA,benchmarkA_26,26,OK,414.6376476206136
SolverA,benchmarkA,benchmarkA_27,27,OK,692.4187346745898
SolverA,benchmarkA,benchmarkA_28,28,OK,942.2746387548568
SolverA,benchmarkA,benchmarkA_29,29,OK,1519.916863251513
SolverA,benchmarkA,benchmarkA_30,30,OK,1748.5712221953067
SolverA,benchmarkA,benchmarkA_31,31,OK,961.8546958024514
SolverA,benchmarkA,benchmarkA_32,32,OK,1731.1763260316466
SolverA,benchmarkA,benchmarkA_33,33,OK,814.3216926126261
SolverA,benchmarkA,benchmarkA_34,34,OK,1798.4237094154714
SolverA,benchmarkA,benchmarkA_35,35,OK,1345.5572314570825
SolverA,benchmarkA,benchmarkA_36,36,OK,696.7374938558467
SolverA,benchmarkA,benchmarkA_37,37,OK,1893.4311614110816
SolverA,benchmarkA,benchmarkA_38,38,OK,1293.026499597623
SolverA,benchmarkA,benchmarkA_39,39,OK,2425.1919606105894
SolverA,benchmarkA,benchmarkA_40,40,OK,2060.032224316311
SolverA,benchmarkA,benchmarkA_41,41,OK,882.8326460440805
SolverA,benchmarkA,benchmarkA_42,42,OK,1790.3648681294255
SolverA,benchmarkA,benchmarkA_43,43,OK,3120.909421289987
SolverA,benchmarkA,benchmarkA_44,44,OK,1401.4515499424238
SolverA,benchmarkA,benchmarkA_45,45,OK,1634.2329751750283
SolverA,benchmarkA,benchmarkA_46,46,OK,3582.4015329445288
SolverA,benchmarkA,benchmarkA_47,47,OK,1486.459902355027
SolverA,benchmarkA,benchmarkA_48,48,OK,2578.0435141773546
SolverA,benchmarkA,benchmarkA_49,49,OK,1720.180149155777
SolverA,benchmarkA,benchmarkA_50,50,OK,4829.993298179878
SolverA,benchmarkB,benchmarkB_1,1,OK,2.522412105670846
SolverA,benchmarkB,benchmarkB_2,2,OK,2.9304104094219623
SolverA,benchmarkB,benchmarkB_3,3,OK,3.5589889374447647
SolverA,benchmarkB,benchmarkB_4,4,OK,4.77922356320989
SolverA,benchmarkB,benchmarkB_5,5,OK,6.011068879664921
SolverA,benchmarkB,benchmarkB_6,6,OK,7.822182739347094
SolverA,benchmarkB,benchmarkB_7,7,OK,7.581606658807374
SolverA,benchmarkB,benchmarkB_8,8,OK,9.073657983405997
SolverA,benchmarkB,benchmarkB_9,9,OK,10.331564967402711
SolverA,benchmarkB,benchmarkB_10,10,OK,11.06797792180915
SolverA,benchmarkB,benchmarkB_11,11,OK,12.546421634948976
SolverA,benchmarkB,benchmarkB_12,12,OK,13.0574337023804
SolverA,benchmarkB,benchmarkB_13,13,OK,14.902210746865695
SolverA,benchmarkB,benchmarkB_14,14,OK,15.153782475469672
SolverA,benchmarkB,benchmarkB_15,15,OK,16.129147634120578
SolverA,benchmarkB,benchmarkB_16,16,OK,16.92657396598726
SolverA,benchmarkB,benchmarkB_17,17,OK,18.142800619269902
SolverA,benchmarkB,benchmarkB_18,18,OK,18.85251805402271
SolverA,benchmarkB,benchmarkB_19,19,OK,20.110571307491462
SolverA,benchmarkB,benchmarkB_20,20,OK,20.747766116399383
SolverA,benchmarkC,benchmarkC_1,1,OK,1.0013002442492005
SolverA,benchmarkC,benchmarkC_2,2,OK,2.0025909102779575
SolverA,benchmarkC,benchmarkC_3,3,OK,3.0093537596587323
SolverA,benchmarkC,benchmarkC_4,4,OK,4.019881004931252
SolverA,benchmarkC,benchmarkC_5,5,OK,5.030975635670704
SolverA,benchmarkC,benchmarkC_6,6,OK,6.036243458441
SolverA,benchmarkC,benchmarkC_7,7,OK,7.182937603157013
SolverA,benchmarkC,benchmarkC_8,8,OK,8.43159691476342
SolverA,benchmarkC,benchmarkC_9,9,OK,9.920811494089758
SolverA,benchmarkC,benchmarkC_10,10,OK,11.646196051277972
SolverA,benchmarkC,benchmarkC_11,11,OK,14.556755881148092
SolverA,benchmarkC,benchmarkC_12,12,OK,19.36344348656701
SolverA,benchmarkC,benchmarkC_13,13,OK,21.66629631291012
SolverA,benchmarkC,benchmarkC_14,14,OK,28.09203263410688
SolverA,benchmarkC,benchmarkC_15,15,OK,58.5554852836226
SolverA,benchmarkC,benchmarkC_16,16,OK,64.01735257341224
SolverA,benchmarkC,benchmarkC_17,17,OK,218.8966457795129
SolverA,benchmarkC,benchmarkC_18,18,OK,443.5508272709878
SolverA,benchmarkC,benchmarkC_19,19,OK,925.5819643844364
SolverA,benchmarkC,benchmarkC_20,20,OK,1207.5874871302733
SolverA,benchmarkC,benchmarkC_21,21,OK,3933.1486166260993
SolverA,benchmarkC,benchmarkC_22,22,OK,4706.260965205309
SolverA,benchmarkC,benchmarkC_23,23,timeout,NA
SolverA,benchmarkC,benchmarkC_24,24,timeout,NA
SolverA,benchmarkC,benchmarkC_25,25,timeout,NA
SolverA,benchmarkC,benchmarkC_26,26,timeout,NA
SolverA,benchmarkC,benchmarkC_27,27,timeout,NA
SolverA,benchmarkC,benchmarkC_28,28,timeout,NA
SolverA,benchmarkC,benchmarkC_29,29,timeout,NA
SolverA,benchmarkC,benchmarkC_30,30,timeout,NA
SolverA,benchmarkC,benchmarkC_31,31,timeout,NA
SolverA,benchmarkC,benchmarkC_32,32,timeout,NA
SolverA,benchmarkC,benchmarkC_33,33,timeout,NA
SolverA,benchmarkC,benchmarkC_34,34,timeout,NA
SolverA,benchmarkC,benchmarkC_35,35,timeout,NA
SolverA,benchmarkC,benchmarkC_36,36,timeout,NA
SolverA,benchmarkC,benchmarkC_37,37,timeout,NA
SolverA,benchmarkC,benchmarkC_38,38,timeout,NA
SolverA,benchmarkC,benchmarkC_39,39,timeout,NA
SolverA,benchmarkC,benchmarkC_40,40,timeout,NA
SolverA,benchmarkC,benchmarkC_41,41,timeout,NA
SolverA,benchmarkC,benchmarkC_42,42,timeout,NA
SolverA,benchmarkC,benchmarkC_43,43,timeout,NA
SolverA,benchmarkC,benchmarkC_44,44,timeout,NA
SolverA,benchmarkC,benchmarkC_45,45,timeout,NA
SolverA,benchmarkC,benchmarkC_46,46,timeout,NA
SolverA,benchmarkC,benchmarkC_47,47,timeout,NA
SolverA,benchmarkC,benchmarkC_48,48,timeout,NA
SolverA,benchmarkC,benchmarkC_49,49,timeout,NA
SolverA,benchmarkC,benchmarkC_50,50,timeout,NA
SolverB1,benchmarkA,benchmarkA_1,1,OK,3.2220725115070645
SolverB1,benchmarkA,benchmarkA_2,2,OK,8.880048898644874
SolverB1,benchmarkA,benchmarkA_3,3,OK,18.034498937019528
SolverB1,benchmarkA,benchmarkA_4,4,OK,66.29451785510048
SolverB1,benchmarkA,benchmarkA_5,5,OK,31.29360888292605
SolverB1,benchmarkA,benchmarkA_6,6,OK,43.09616184921006
SolverB1,benchmarkA,benchmarkA_7,7,OK,192.69258596556566
SolverB1,benchmarkA,benchmarkA_8,8,OK,90.70736398998557
SolverB1,benchmarkA,benchmarkA_9,9,OK,105.17835405059336
SolverB1,benchmarkA,benchmarkA_10,10,OK,143.89972704929642
SolverB1,benchmarkA,benchmarkA_11,11,OK,378.18324495240995
SolverB1,benchmarkA,benchmarkA_12,12,OK,539.8057724107456
SolverB1,benchmarkA,benchmarkA_13,13,OK,187.4227710858347
SolverB1,benchmarkA,benchmarkA_14,14,OK,367.5933931196485
SolverB1,benchmarkA,benchmarkA_15,15,OK,273.99521431362746
SolverB1,benchmarkA,benchmarkA_16,16,OK,383.05177780565026
SolverB1,benchmarkA,benchmarkA_17,17,OK,409.50962597878834
SolverB1,benchmarkA,benchmarkA_18,18,OK,812.3887835742034
SolverB1,benchmarkA,benchmarkA_19,19,OK,605.6852705751901
SolverB1,benchmarkA,benchmarkA_20,20,OK,533.5966538205173
SolverB1,benchmarkA,benchmarkA_21,21,OK,907.4576237944714
SolverB1,benchmarkA,benchmarkA_22,22,OK,533.156285697893
SolverB1,benchmarkA,benchmarkA_23,23,OK,631.4379769356431
SolverB1,benchmarkA,benchmarkA_24,24,OK,2290.727578109453
SolverB1,benchmarkA,benchmarkA_25,25,OK,848.9562698390401
SolverB1,benchmarkA,benchmarkA_26,26,OK,1137.2672040309094
SolverB1,benchmarkA,benchmarkA_27,27,OK,2036.9886183682647
SolverB1,benchmarkA,benchmarkA_28,28,OK,2534.3340094046357
SolverB1,benchmarkA,benchmarkA_29,29,OK,3033.5352115428186
SolverB1,benchmarkA,benchmarkA_30,30,OK,1168.2726117626514
SolverB1,benchmarkA,benchmarkA_31,31,OK,2472.7059389810283
SolverB1,benchmarkA,benchmarkA_32,32,OK,3942.3927661483945
SolverB1,benchmarkA,benchmarkA_33,33,OK,1213.260928682789
SolverB1,benchmarkA,benchmarkA_34,34,OK,2985.6976836423205
SolverB1,benchmarkA,benchmarkA_35,35,OK,3989.8718196479854
SolverB1,benchmarkA,benchmarkA_36,36,OK,2119.0403711998338
SolverB1,benchmarkA,benchmarkA_37,37,OK,1974.9040281451107
SolverB1,benchmarkA,benchmarkA_38,38,OK,3340.7173994615214
SolverB1,benchmarkA,benchmarkA_39,39,OK,2847.204929350051
SolverB1,benchmarkA,benchmarkA_40,40,OK,2078.7867382014538
SolverB1,benchmarkA,benchmarkA_41,41,OK,3273.321170994138
SolverB1,benchmarkA,benchmarkA_42,42,OK,3155.7677751511515
SolverB1,benchmarkA,benchmarkA_43,43,OK,4112.8361230988685
SolverB1,benchmarkA,benchmarkA_44,44,OK,3962.4394741968345
SolverB1,benchmarkA,benchmarkA_45,45,OK,3163.417106863576
SolverB1,benchmarkA,benchmarkA_46,46,OK,3517.701701482109
SolverB1,benchmarkA,benchmarkA_47,47,timeout,NA
SolverB1,benchmarkA,benchmarkA_48,48,OK,3310.563646934216
SolverB1,benchmarkA,benchmarkA_49,49,timeout,NA
SolverB1,benchmarkA,benchmarkA_50,50,OK,2593.474680243921
SolverB1,benchmarkB,benchmarkB_1,1,OK,3.7955821784829795
SolverB1,benchmarkB,benchmarkB_2,2,OK,8.372383569913586
SolverB1,benchmarkB,benchmarkB_3,3,OK,12.5885853856048
SolverB1,benchmarkB,benchmarkB_4,4,OK,27.61720493112863
SolverB1,benchmarkB,benchmarkB_5,5,OK,39.87489589931843
SolverB1,benchmarkB,benchmarkB_6,6,OK,140.94088149546485
SolverB1,benchmarkB,benchmarkB_7,7,OK,86.84670491567331
SolverB1,benchmarkB,benchmarkB_8,8,OK,103.38931913330968
SolverB1,benchmarkB,benchmarkB_9,9,OK,142.27407856968836
SolverB1,benchmarkB,benchmarkB_10,10,OK,381.6157560002834
SolverB1,benchmarkB,benchmarkB_11,11,OK,302.2994044599945
SolverB1,benchmarkB,benchmarkB_12,12,OK,352.63401409968844
SolverB1,benchmarkB,benchmarkB_13,13,OK,468.7560940542373
SolverB1,benchmarkB,benchmarkB_14,14,OK,349.63382681810947
SolverB1,benchmarkB,benchmarkB_15,15,OK,414.6566176304545
SolverB1,benchmarkB,benchmarkB_16,16,OK,647.0741524887219
SolverB1,benchmarkB,benchmarkB_17,17,OK,306.61130845379904
SolverB1,benchmarkB,benchmarkB_18,18,OK,440.986874244242
SolverB1,benchmarkB,benchmarkB_19,19,OK,592.9011313490939
SolverB1,benchmarkB,benchmarkB_20,20,OK,577.4459470534928
SolverB1,benchmarkC,benchmarkC_1,1,OK,2.4196507112730985
SolverB1,benchmarkC,benchmarkC_2,2,OK,3.380639407085512
SolverB1,benchmarkC,benchmarkC_3,3,OK,10.096681446392992
SolverB1,benchmarkC,benchmarkC_4,4,OK,8.79267925297671
SolverB1,benchmarkC,benchmarkC_5,5,OK,8.881115454570015
SolverB1,benchmarkC,benchmarkC_6,6,OK,10.479490351515683
SolverB1,benchmarkC,benchmarkC_7,7,OK,18.52002537174006
SolverB1,benchmarkC,benchmarkC_8,8,OK,14.285237397202984
SolverB1,benchmarkC,benchmarkC_9,9,OK,22.53845596293965
SolverB1,benchmarkC,benchmarkC_10,10,OK,106.69994051874141
SolverB1,benchmarkC,benchmarkC_11,11,OK,203.94892505345092
SolverB1,benchmarkC,benchmarkC_12,12,OK,171.89031415802322
SolverB1,benchmarkC,benchmarkC_13,13,OK,161.76334861886056
SolverB1,benchmarkC,benchmarkC_14,14,OK,290.91003987051977
SolverB1,benchmarkC,benchmarkC_15,15,OK,294.750386066299
SolverB1,benchmarkC,benchmarkC_16,16,OK,348.4331180181459
SolverB1,benchmarkC,benchmarkC_17,17,OK,484.5025574313394
SolverB1,benchmarkC,benchmarkC_18,18,OK,612.9405769580302
SolverB1,benchmarkC,benchmarkC_19,19,OK,377.15688414773007
SolverB1,benchmarkC,benchmarkC_20,20,OK,308.2533327714744
SolverB1,benchmarkC,benchmarkC_21,21,OK,401.1588982626391
SolverB1,benchmarkC,benchmarkC_22,22,OK,675.3312128966444
SolverB1,benchmarkC,benchmarkC_23,23,OK,773.6422172798483
SolverB1,benchmarkC,benchmarkC_24,24,OK,740.1739032400574
SolverB1,benchmarkC,benchmarkC_25,25,OK,324.4352737501853
SolverB1,benchmarkC,benchmarkC_26,26,OK,1039.1646411569643
SolverB1,benchmarkC,benchmarkC_27,27,OK,649.413298090068
SolverB1,benchmarkC,benchmarkC_28,28,OK,314.34763903229924
SolverB1,benchmarkC,benchmarkC_29,29,OK,792.912467946368
SolverB1,benchmarkC,benchmarkC_30,30,OK,1178.275877355552
SolverB1,benchmarkC,benchmarkC_31,31,OK,541.102482392235
SolverB1,benchmarkC,benchmarkC_32,32,OK,819.7033622826527
SolverB1,benchmarkC,benchmarkC_33,33,OK,511.5305126593738
SolverB1,benchmarkC,benchmarkC_34,34,OK,457.1235262866786
SolverB1,benchmarkC,benchmarkC_35,35,OK,946.1069044172987
SolverB1,benchmarkC,benchmarkC_36,36,OK,361.17850511604905
SolverB1,benchmarkC,benchmarkC_37,37,OK,1157.538354182395
SolverB1,benchmarkC,benchmarkC_38,38,OK,790.4594045291574
SolverB1,benchmarkC,benchmarkC_39,39,OK,446.61843663668117
SolverB1,benchmarkC,benchmarkC_40,40,OK,471.6797907639072
SolverB1,benchmarkC,benchmarkC_41,41,OK,1008.5108915640631
SolverB1,benchmarkC,benchmarkC_42,42,OK,1410.0720493849528
SolverB1,benchmarkC,benchmarkC_43,43,OK,633.9205980799308
SolverB1,benchmarkC,benchmarkC_44,44,OK,1708.3526329417573
SolverB1,benchmarkC,benchmarkC_45,45,OK,517.0437569048019
SolverB1,benchmarkC,benchmarkC_46,46,OK,1502.7260067501215
SolverB1,benchmarkC,benchmarkC_47,47,OK,814.5781471830157
SolverB1,benchmarkC,benchmarkC_48,48,OK,537.2990321816767
SolverB1,benchmarkC,benchmarkC_49,49,OK,717.1174560541605
SolverB1,benchmarkC,benchmarkC_50,50,OK,936.8931126752115
SolverB2,benchmarkA,benchmarkA_1,1,OK,3.9994189805581772
SolverB2,benchmarkA,benchmarkA_2,2,OK,15.20232220085906
SolverB2,benchmarkA,benchmarkA_3,3,OK,13.82853456483849
SolverB2,benchmarkA,benchmarkA_4,4,OK,36.939141674913586
SolverB2,benchmarkA,benchmarkA_5,5,OK,66.6240957129835
SolverB2,benchmarkA,benchmarkA_6,6,OK,64.24373748070346
SolverB2,benchmarkA,benchmarkA_7,7,OK,171.10069235979523
SolverB2,benchmarkA,benchmarkA_8,8,OK,102.14546068331767
SolverB2,benchmarkA,benchmarkA_9,9,OK,92.11279326147078
SolverB2,benchmarkA,benchmarkA_10,10,OK,115.7990407754811
SolverB2,benchmarkA,benchmarkA_11,11,OK,322.01854105513803
SolverB2,benchmarkA,benchmarkA_12,12,OK,324.2670365189246
SolverB2,benchmarkA,benchmarkA_13,13,OK,640.6796146631422
SolverB2,benchmarkA,benchmarkA_14,14,OK,733.8674339608121
SolverB2,benchmarkA,benchmarkA_15,15,OK,809.2688126295586
SolverB2,benchmarkA,benchmarkA_16,16,OK,287.3496173365176
SolverB2,benchmarkA,benchmarkA_17,17,OK,833.4356272994069
SolverB2,benchmarkA,benchmarkA_18,18,OK,874.6129266680176
SolverB2,benchmarkA,benchmarkA_19,19,OK,914.5180841994799
SolverB2,benchmarkA,benchmarkA_20,20,OK,1093.846073347453
SolverB2,benchmarkA,benchmarkA_21,21,OK,1562.4315892083891
SolverB2,benchmarkA,benchmarkA_22,22,OK,1197.5707370536124
SolverB2,benchmarkA,benchmarkA_23,23,OK,909.5280310463439
SolverB2,benchmarkA,benchmarkA_24,24,OK,1238.193440388502
SolverB2,benchmarkA,benchmarkA_25,25,OK,858.7092818492316
SolverB2,benchmarkA,benchmarkA_26,26,OK,1551.567654854386
SolverB2,benchmarkA,benchmarkA_27,27,OK,765.0471464833263
SolverB2,benchmarkA,benchmarkA_28,28,OK,994.5872750513921
SolverB2,benchmarkA,benchmarkA_29,29,OK,1364.14319632762
SolverB2,benchmarkA,benchmarkA_30,30,OK,2719.323343949095
SolverB2,benchmarkA,benchmarkA_31,31,OK,2632.975146215209
SolverB2,benchmarkA,benchmarkA_32,32,OK,1668.6293794746884
SolverB2,benchmarkA,benchmarkA_33,33,OK,2607.121534783955
SolverB2,benchmarkA,benchmarkA_34,34,OK,1257.9522682624588
SolverB2,benchmarkA,benchmarkA_35,35,OK,1572.4109410134845
SolverB2,benchmarkA,benchmarkA_36,36,timeout,NA
SolverB2,benchmarkA,benchmarkA_37,37,OK,2082.118095160091
SolverB2,benchmarkA,benchmarkA_38,38,OK,2534.063623340339
SolverB2,benchmarkA,benchmarkA_39,39,OK,3292.4914134572223
SolverB2,benchmarkA,benchmarkA_40,40,OK,2443.0820497326563
SolverB2,benchmarkA,benchmarkA_41,41,OK,3302.304306957997
SolverB2,benchmarkA,benchmarkA_42,42,OK,2501.3255597682037
SolverB2,benchmarkA,benchmarkA_43,43,OK,2019.924739306078
SolverB2,benchmarkA,benchmarkA_44,44,OK,2527.289828914489
SolverB2,benchmarkA,benchmarkA_45,45,OK,4226.5052415443
SolverB2,benchmarkA,benchmarkA_46,46,OK,2380.4220177966276
SolverB2,benchmarkA,benchmarkA_47,47,OK,3910.026867444584
SolverB2,benchmarkA,benchmarkA_48,48,OK,3681.052306131288
SolverB2,benchmarkA,benchmarkA_49,49,OK,4315.5756294867915
SolverB2,benchmarkA,benchmarkA_50,50,OK,2919.3595749888386
SolverB2,benchmarkB,benchmarkB_1,1,OK,4.524247167139735
SolverB2,benchmarkB,benchmarkB_2,2,OK,5.858417616736654
SolverB2,benchmarkB,benchmarkB_3,3,OK,12.624150251778195
SolverB2,benchmarkB,benchmarkB_4,4,OK,19.48134504219925
SolverB2,benchmarkB,benchmarkB_5,5,OK,13.051353217950421
SolverB2,benchmarkB,benchmarkB_6,6,OK,17.65708802559532
SolverB2,benchmarkB,benchmarkB_7,7,OK,25.462749400260012
SolverB2,benchmarkB,benchmarkB_8,8,OK,22.450731780529907
SolverB2,benchmarkB,benchmarkB_9,9,OK,22.677486568698747
SolverB2,benchmarkB,benchmarkB_10,10,OK,37.692628231490154
SolverB2,benchmarkB,benchmarkB_11,11,OK,49.00799916532516
SolverB2,benchmarkB,benchmarkB_12,12,OK,54.94267594777964
SolverB2,benchmarkB,benchmarkB_13,13,OK,43.99414522153371
SolverB2,benchmarkB,benchmarkB_14,14,OK,37.56375600945783
SolverB2,benchmarkB,benchmarkB_15,15,OK,72.92088088429901
SolverB2,benchmarkB,benchmarkB_16,16,OK,54.793876363533684
SolverB2,benchmarkB,benchmarkB_17,17,OK,35.62453105943774
SolverB2,benchmarkB,benchmarkB_18,18,OK,38.24177835858268
SolverB2,benchmarkB,benchmarkB_19,19,OK,72.73039939613159
SolverB2,benchmarkB,benchmarkB_20,20,OK,41.76956097482303
SolverB2,benchmarkC,benchmarkC_1,1,OK,1.0109432484826044
SolverB2,benchmarkC,benchmarkC_2,2,OK,3.452438950596094
SolverB2,benchmarkC,benchmarkC_3,3,OK,6.160169116630056
SolverB2,benchmarkC,benchmarkC_4,4,OK,7.449215873366199
SolverB2,benchmarkC,benchmarkC_5,5,OK,9.843461284316886
SolverB2,benchmarkC,benchmarkC_6,6,OK,13.49861892938331
SolverB2,benchmarkC,benchmarkC_7,7,OK,17.950598692084604
SolverB2,benchmarkC,benchmarkC_8,8,OK,14.380841042191323
SolverB2,benchmarkC,benchmarkC_9,9,OK,14.996853287708625
SolverB2,benchmarkC,benchmarkC_10,10,OK,393.65126550747885
SolverB2,benchmarkC,benchmarkC_11,11,OK,157.93562094283627
SolverB2,benchmarkC,benchmarkC_12,12,OK,352.40507845204735
SolverB2,benchmarkC,benchmarkC_13,13,OK,236.35471949811966
SolverB2,benchmarkC,benchmarkC_14,14,OK,230.13295486431997
SolverB2,benchmarkC,benchmarkC_15,15,OK,163.8843848239256
SolverB2,benchmarkC,benchmarkC_16,16,OK,529.7199316888244
SolverB2,benchmarkC,benchmarkC_17,17,OK,449.8808776322384
SolverB2,benchmarkC,benchmarkC_18,18,OK,629.417949582558
SolverB2,benchmarkC,benchmarkC_19,19,OK,355.3456414829506
SolverB2,benchmarkC,benchmarkC_20,20,OK,511.18373525825984
SolverB2,benchmarkC,benchmarkC_21,21,OK,247.63408439561965
SolverB2,benchmarkC,benchmarkC_22,22,OK,381.95713116994466
SolverB2,benchmarkC,benchmarkC_23,23,OK,306.5447736448932
SolverB2,benchmarkC,benchmarkC_24,24,OK,254.42443984426757
SolverB2,benchmarkC,benchmarkC_25,25,OK,930.3998069085443
SolverB2,benchmarkC,benchmarkC_26,26,OK,350.7152976819262
SolverB2,benchmarkC,benchmarkC_27,27,OK,330.73331737378106
SolverB2,benchmarkC,benchmarkC_28,28,OK,368.4239666153617
SolverB2,benchmarkC,benchmarkC_29,29,OK,489.7742170749186
SolverB2,benchmarkC,benchmarkC_30,30,OK,639.855007924134
SolverB2,benchmarkC,benchmarkC_31,31,OK,382.3614170063177
SolverB2,benchmarkC,benchmarkC_32,32,OK,1260.0872124633916
SolverB2,benchmarkC,benchmarkC_33,33,OK,1289.235974519025
SolverB2,benchmarkC,benchmarkC_34,34,OK,417.6628370348336
SolverB2,benchmarkC,benchmarkC_35,35,OK,614.3959424700098
SolverB2,benchmarkC,benchmarkC_36,36,OK,923.9763165231255
SolverB2,benchmarkC,benchmarkC_37,37,OK,1249.1184949884687
SolverB2,benchmarkC,benchmarkC_38,38,OK,755.1751377593442
SolverB2,benchmarkC,benchmarkC_39,39,OK,1390.534341297151
SolverB2,benchmarkC,benchmarkC_40,40,OK,625.4613036424182
SolverB2,benchmarkC,benchmarkC_41,41,OK,818.229579633267
SolverB2,benchmarkC,benchmarkC_42,42,OK,838.4254510283585
SolverB2,benchmarkC,benchmarkC_43,43,OK,1088.6535195280774
SolverB2,benchmarkC,benchmarkC_44,44,OK,582.1884189838736
SolverB2,benchmarkC,benchmarkC_45,45,OK,1047.926932508756
SolverB2,benchmarkC,benchmarkC_46,46,OK,622.977498427791
SolverB2,benchmarkC,benchmarkC_47,47,OK,753.2357041943985
SolverB2,benchmarkC,benchmarkC_48,48,OK,1822.9048226271295
SolverB2,benchmarkC,benchmarkC_49,49,OK,1703.934324742142
SolverB2,benchmarkC,benchmarkC_50,50,OK,1554.2695890629893
